url,category
https://www.zionadventurephotog.com/,0
https://www.mrsspacecadet.com/,0
https://www.simplytabitha.com/blog,0
https://www.lizzyhadfield.com/,0
https://en.suvellecuisine.com/blog,0
https://www.mikaelareuben.com/,0
https://www.seasonsincolour.com/,0
https://www.notanothercookingshow.tv/,0
https://www.oliviaandlaura.com/theblog,0
https://www.theverge.com/,0
https://techcrunch.com/,0
https://www.engadget.com/,0
https://gizmodo.com/,0
https://9to5mac.com/,0
https://cupofjo.com/,0
https://minimalism.life/,0
https://www.girlboss.com/read,0
https://www.mensjournal.com/,0
https://www.treehugger.com/,0
https://hespokestyle.com/,0
https://www.thezoereport.com/,0
https://sincerelyjules.com/,0
https://www.colormecourtney.com/,0
https://fashionjackson.com/,0
https://fitnessista.com/,0
https://www.muscleandfitness.com/,0
https://fitbottomedgirls.com/,0
https://blog.myfitnesspal.com/,0
https://bengreenfieldfitness.com/,0
https://www.howstuffworks.com/,0
https://blog.ed.ted.com/,0
https://www.theconfidentteacher.com/,0
https://www.i-heart-edu.com/,0
https://www.chronicle.com/,0
https://www.business2community.com/,0
https://martech.org/,0
https://www.thebalancesmb.com/,0
https://copyblogger.com/blog/,0
https://ahrefs.com/blog/,0
https://www.coindesk.com/,0
https://www.thepennyhoarder.com/,0
https://www.daveramsey.com/blog,0
https://www.timothysykes.com/blog/,0
https://ofdollarsanddata.com/,0
https://pinchofyum.com/,0
https://minimalistbaker.com/,0
https://greenkitchenstories.com/,0
https://thewoksoflife.com/,0
https://fitmencook.com/,0
https://www.theblondeabroad.com/,0
https://www.wanderingearl.com/,0
https://www.nomadicmatt.com/,0
https://www.honeytrek.com/,0
https://anywhereweroam.com/,0
https://joemcnally.com/,0
https://davidduchemin.com/,0
https://www.humansofnewyork.com/,0
https://photofocus.com/,0
https://www.thesartorialist.com/,0
https://www.apartmenttherapy.com/,0
https://abduzeedo.com/,0
https://www.thisiscolossal.com/,0
https://www.booooooom.com/,0
https://www.hookedblog.co.uk/,0
https://blog.hubspot.com/,0
https://www.scholesmarketing.com/,0
https://www.dustlessblasting.com/blog,0
https://blog.epectec.com/,0
https://www.marlinwire.com/blog,0
https://blog.6monthsmiles.com/,0
https://www.algamus.org/blog,0
https://mmlafleur.com/,0
https://blog.justbats.com/,0
https://gfuel.com/,0
https://www.dotloop.com/blog/,0
https://www.adaptiveinsights.com/,0
https://www.invisionapp.com/inside-design/,0
https://www.teachaway.com/,0
https://blog.trinitycollege.co.uk/,0
http://guidestar.org/,0
https://ecosystem.hubspot.com/marketplace/solutions/synx?hubs_post=blog.hubspot.com/marketing/blog-examples&hubs_post-cta=Synx&_ga=2.35002209.1316484668.1664870800-561358292.1663683748,0
https://ecosystem.hubspot.com/marketplace/solutions/hal-company-s-a?hubs_post=blog.hubspot.com/marketing/blog-examples&hubs_post-cta=HAL%20Company%20&_ga=2.23081210.1316484668.1664870800-561358292.1663683748,0
https://www.aconcordcarpenter.com/welcome,0
https://nazmiyalantiquerugs.com/blog/romantic-interior-design/,0
https://www.mckissock.com/blog/real-estate/why-real-estate-agents-love-real-estate/,0
https://www.jewelersmutual.com/clarity-blog/5-jewelry-store-promotion-ideas-dont-cost-dime,0
https://sayyes.com/,0
https://www.brightbazaarblog.com/,0
https://www.megantheveganmom.com/,0
https://www.rookiemoms.com/,0
https://techsavvymama.com/,0
https://blog.myfitnesspal.com/,0
https://www.nerdfitness.com/blog/,0
https://lovesweatfitness.com/blog/,0
https://fitbottomedgirls.com/about-us/,0
https://smittenkitchen.com/,0
https://ourfoodstories.com/,0
https://www.psimonmyway.com/,0
https://www.heleninwonderlust.co.uk/,0
https://handluggageonly.co.uk/,0
https://www.apple.com/,1
https://www.spectacles.com/uk/,1
https://onfleet.com/features,1
https://hebeboutique.com/,1
https://www.blissworld.com/,1
https://shopdressup.com/,1
https://bohemiantraders.com/,1
https://ambsn.com/,1
https://ryderlabel.com/,1
https://www.fossil.com/en-us/,1
https://www.dick-moby.com/,1
https://www.thehorse.com.au/,1
https://esqido.com/,1
https://www.poketo.com/,1
https://www.adidas.com/us,1
https://jackiesmith.com/,1
https://grovemade.com/,1
https://eu.muroexe.com/,1
https://www.mollyjogger.com/,1
https://www.skullcandy.com/,1
https://rsvp-paris.com/,1
https://ratiocoffee.com/,1
https://eu.frankbody.com/,1
https://getrest.co/,1
https://www.theletterjsupply.com/,1
https://www.100percentpure.com/,1
https://www.allbirds.com/,1
https://blackbutterflyclothing.com/,1
http://www.dibruno.com/,1
https://daintyjewells.com/,1
https://shopboxhill.com/,1
https://northernism.com/,1
https://simplychocolate.dk/,1
https://premiumteas.ca/,1
https://www.bando.com/,1
https://www.kettleandfire.com/,1
https://www.bisoncoolers.com/,1
https://ca.endy.com/,1
https://www.livelarq.com/,1
https://burrow.com/,1
https://shoprevelry.com/,1
https://www.skullcandy.com/,1
https://www.solostove.com/en-us/,1
https://www.blissworld.com/,1
https://www.themountain.com/,1
https://grovemade.com/,1
http://amazon.com/,1
https://mahabis.com/,1
https://hebeboutique.com/,1
https://ambsn.com/,1
https://aztecasoccer.com/,1
https://bonbonbon.com/,1
https://www.allbirds.com/,1
https://shopdressup.com/,1
https://www.poketo.com/,1
https://www.popfitclothing.com/,1
https://helbak.com/,1
https://www.decibullz.com/,1
https://www.meundies.com/,1
https://www.urevolution.com/,1
https://www.warbyparker.com/,1
https://www.dick-moby.com/,1
https://www.themountain.com/,1
https://eu.frankbody.com/,1
https://leafandclay.co/,1
https://ritual.com/,1
https://www.nativecos.com/,1
https://soylent.com/,1
https://ratiocoffee.com/,1
https://www.100percentpure.com/,1
https://stayhomeclub.com/,1
https://www.beatsbydre.com/,1
https://www.everlane.com/,1
https://www.kingscoastcoffee.com/,1
https://prose.com/,1
https://casper.com/,1
https://www.beardbrand.com/,1
https://www.ediblearrangements.com/,1
https://www.thepearlsource.com/,1
https://www.mancrates.com/,1
https://www.mvmt.com/,1
https://bohemiantraders.com/,1
https://www.mollyjogger.com/,1
https://grovemade.com/,1
https://www.weber.com/,1
https://ca.endy.com/,1
https://www.greats.com/,1
https://www.sigmabeauty.com/,1
http://www.etq-amsterdam.com/,1
https://www.protest.eu/,1
https://moooi.com/en/,1
https://www.blissworld.com/,1
https://matruecannabis.com/en/,1
https://www.graze.com/uk/shop,1
https://www.vervecoffee.com/,1
https://www.julianabicycles.com/en-US,1
https://www.100percentpure.com/,1
https://www.flyhyer.com/,1
https://www.deplacemaison.com/,1
https://www.revols.com/,1
https://devonstank.com/,2
https://www.samanthaalice.com/,2
https://www.frankienoller.com/,2
https://www.frogdesign.com/,2
http://www.christopherboyer.com/,2
https://www.jansenbordinhao.com/,2
http://www.dianamassey.com/,2
https://jere.my/,2
https://www.kevinsharon.com/,2
https://www.infoset.io/,2
https://www.lucasgroup.com/,2
https://denym.com/,2
https://www.susandavid.com/,2
https://www.joshkremerconsulting.com/,2
https://www.valoppiventures.com/,2
https://www.mainstreamgs.com/,2
https://www.fieldwork.com/,2
http://naturalinteraction.com/,2
http://jackdalrymple.com/,2
https://syl.lu/,2
https://www.keaconsultants.com/,2
https://heroncode.com/,2
https://www.wearelaunchpad.io/,2
https://www.ymc.ch/,2
https://feelsagency.com/,2
https://www.dierks.company/,2
https://bkc.bg/,2
https://www.mr-consulting.io/,2
https://www.evpconsulting.com/,2
https://cgr-consulting.ca/,2
http://www.thegreenconsultinggroup.com/,2
https://www.fourfoldconsulting.com.au/,2
https://theprocessconsultant.com/,2
http://www.danajamesmwangi.com/,2
https://www.epicteams.co/,2
https://www.davidcbaker.com/,2
https://www.dgsiegel.net/,2
https://mahantavakoli.com/,2
https://jeffgothelf.com/,2
https://www.danpontefract.com/,2
https://fabianroschig.com/en,2
https://michelfortin.com/,2
https://yurikruman.com/,2
https://noahfleming.com/,2
https://nigelgreen.co/,2
https://jacobmcmillen.com/,2
https://www.citrinconsulting.com/,2
http://tomcritchlow.com/,2
https://leonardkim.com/,2
http://uibreakfast.com/,2
http://austinlchurch.com/,2
http://superspicymedia.com/,2
http://mattolpinski.com/,2
https://www.chrisdunnconsulting.co.uk/,2
http://kurtelster.com/,2
http://www.kristinaromero.com/,2
http://pterneas.com/,2
https://boagworld.com/,2
http://brycebladon.com/,2
https://www.maiasingletary.com/,2
http://www.kaleighmoore.com/,2
https://doubleyouraudience.com/,2
http://jamesrobbins.com/,2
http://www.moresalesadvisors.com/,2
http://andreasdittes.com/,2
http://pamelamccauleybush.com/,2
http://arndts.se/,2
http://hillconsulting.nl/,2
http://niklasmodig.com/,2
http://www.onpointcoaching.co.uk/,2
https://collaborateconsulting.com.au/,2
https://www.alisoncrabb.com.au/,2
https://hhworks.co/,2
https://theeverydayleader.biz/,2
https://www.keaconsultants.com/,2
https://lucis.consulting/,2
https://bavettingservices.com/,2
https://parmonconsulting.com/,2
https://www.prophet.com/,2
https://www.guidedagency.com/,2
https://createyou.de/,2
https://150square.com.au/,2
https://lucidity.design/,2
https://incceoproject.com/,2
https://www.fahrenheit-212.com/,2
https://www.mckinsey.com/,2